id,symbol,name,image,current_price,market_cap,market_cap_rank,fully_diluted_valuation,total_volume,high_24h,low_24h,price_change_24h,price_change_percentage_24h,market_cap_change_24h,market_cap_change_percentage_24h,circulating_supply,total_supply,max_supply,ath,ath_change_percentage,ath_date,atl,atl_change_percentage,atl_date,roi,last_updated,price,adjusted_price
bitcoin,btc,Bitcoin,https://coin-images.coingecko.com/coins/images/1/large/bitcoin.png?1696501400,83263.0,1651330158305.0,1,1651330158305,37664579937,84074.0,80833.0,194.85,0.23456000000000002,5712964212.0,0.34716,19835987.0,19835987.0,21000000.0,108786.0,-23.46146,2025-01-20T09:11:54.494Z,67.81,122690.26431,2013-07-06T00:00:00.000Z,,2025-03-12T21:20:25.118Z,83263.0,99915.59999999999
ethereum,eth,Ethereum,https://coin-images.coingecko.com/coins/images/279/large/ethereum.png?1696501628,1902.92,229409823859.0,2,229409823859,23345329917,1948.94,1841.97,-43.348794086834914,-2.22727,-4971738794.984222,-2.12122,120609221.7240194,120609221.7240194,,4878.26,-60.99175,2021-11-10T14:24:19.604Z,0.432979,439395.79106,2015-10-20T00:00:00.000Z,"{'times': 29.56012471129072, 'currency': 'btc', 'percentage': 2956.012471129072}",2025-03-12T21:20:18.795Z,1902.92,2283.504
tether,usdt,Tether,https://coin-images.coingecko.com/coins/images/325/large/Tether.png?1696501661,0.999753,143145732272.0,3,143145732272,44824031347,0.9998729999999999,0.999559,2.8470000000000004e-05,0.00285,188233738.0,0.13167,143182152538.009,143182152538.009,,1.32,-24.43833,2018-07-24T00:00:00.000Z,0.572521,74.62292,2015-03-02T00:00:00.000Z,,2025-03-12T21:20:27.016Z,0.999753,1.1997035999999999
ripple,xrp,XRP,https://coin-images.coingecko.com/coins/images/44/large/xrp-symbol-white-128.png?1696501442,2.23,129649096487.0,4,223335722431,5400314349,2.25,2.14,0.02875834,1.30472,1851432150.0,1.44872,58043299826.0,99986368206.0,100000000000.0,3.4,-34.29542,2018-01-07T00:00:00.000Z,0.00268621,83026.04097,2014-05-22T00:00:00.000Z,,2025-03-12T21:20:25.145Z,2.23,2.6759999999999997
binancecoin,bnb,BNB,https://coin-images.coingecko.com/coins/images/825/large/bnb-icon2_2x.png?1696501970,572.64,83502463849.0,5,83502463849,1095306679,572.38,545.09,16.25,2.92085,2415722066.0,2.97918,145887575.79,145887575.79,200000000.0,788.84,-27.67807,2024-12-04T10:35:25.220Z,0.0398177,1432697.34969,2017-10-19T00:00:00.000Z,,2025-03-12T21:20:26.747Z,572.64,687.168
solana,sol,Solana,https://coin-images.coingecko.com/coins/images/4128/large/solana.png?1718769756,126.33,64342640062.0,6,75284048763,4691286506,129.6,121.33,-0.920448065626402,-0.7233200000000001,-451679249.0944214,-0.6971,509413477.1574386,596038785.756942,,293.31,-57.10944,2025-01-19T11:15:27.957Z,0.5008009999999999,25020.37275,2020-05-11T19:35:23.449Z,,2025-03-12T21:20:24.460Z,126.33,151.596
usd-coin,usdc,USDC,https://coin-images.coingecko.com/coins/images/6319/large/usdc.png?1696506694,0.999826,58116735470.0,7,58261444249,12562922652,0.9999389999999999,0.999787,-3.9165499073346006e-05,-0.003920000000000001,-10730184.125160217,-0.01846,58125770415.4107,58270501690.91286,,1.17,-14.74423,2019-05-08T00:40:28.300Z,0.877647,13.91825,2023-03-11T08:02:13.981Z,,2025-03-12T21:20:19.935Z,0.999826,1.1997912
cardano,ada,Cardano,https://coin-images.coingecko.com/coins/images/975/large/cardano.png?1696502090,0.7329249999999999,26349423981.0,8,32975879435,1240866007,0.761257,0.7118979999999999,0.0022351100000000002,0.30589000000000005,113807911.0,0.43379,35957314844.72886,45000000000.0,45000000000.0,3.09,-76.30794,2021-09-02T06:00:10.474Z,0.01925275,3698.69325,2020-03-13T02:22:55.044Z,,2025-03-12T21:20:24.724Z,0.7329249999999999,0.8795099999999999
dogecoin,doge,Dogecoin,https://coin-images.coingecko.com/coins/images/5/large/dogecoin.png?1696501409,0.171627,25441950810.0,9,25448974915,1621262472,0.17232699999999998,0.159914,0.00452623,2.70868,683284428.0,2.75978,148360876383.7051,148401836383.7052,,0.731578,-76.54014,2021-05-08T05:08:23.458Z,8.69e-05,197391.11953,2015-05-06T00:00:00.000Z,,2025-03-12T21:20:18.851Z,0.171627,0.2059524
tron,trx,TRON,https://coin-images.coingecko.com/coins/images/1094/large/tron-logo.png?1696502193,0.223829,21267612517.0,10,21267614324,898331497,0.226348,0.21973299999999998,-0.0015483742902970001,-0.68701,-130728148.22011948,-0.6109300000000001,95032685703.02155,95032693781.3724,,0.431288,-48.12389,2024-12-04T00:10:40.323Z,0.00180434,12299.84908,2017-11-12T00:00:00.000Z,"{'times': 116.80470248857968, 'currency': 'usd', 'percentage': 11680.470248857968}",2025-03-12T21:20:26.800Z,0.223829,0.26859479999999997
staked-ether,steth,Lido Staked Ether,https://coin-images.coingecko.com/coins/images/13442/large/steth_logo.png?1696513206,1899.23,17688890920.0,11,17688890920,140560264,1945.73,1839.26,-44.07011136956862,-2.26779,-451573235.0024376,-2.48931,9343230.211656246,9343230.211656246,,4829.57,-60.8311,2021-11-10T14:40:47.256Z,482.9,291.73833,2020-12-22T04:08:21.854Z,,2025-03-12T21:20:23.417Z,1899.23,2279.076
pi-network,pi,Pi Network,https://coin-images.coingecko.com/coins/images/54342/large/pi_network.jpg?1739347576,1.69,12047895612.0,12,18535224019,822371224,1.74,1.4,0.281802,20.03183,1886923155.0,18.5703,7155344217.86878,11008221873.64427,100000000000.0,2.99,-43.53567,2025-02-26T16:41:03.732Z,0.615725,173.97547,2025-02-20T18:06:42.957Z,,2025-03-12T21:20:20.717Z,1.69,2.028
wrapped-bitcoin,wbtc,Wrapped Bitcoin,https://coin-images.coingecko.com/coins/images/7598/large/wrapped_bitcoin_wbtc.png?1696507857,83089.0,10718838090.0,13,10718838090,290504364,83821.0,80603.0,205.7,0.24817000000000003,31673550.0,0.29637,129015.15657878,129015.15657878,129015.15657878,108368.0,-23.32177,2025-01-20T07:16:27.137Z,3139.17,2547.02049,2019-04-02T00:00:00.000Z,,2025-03-12T21:20:18.000Z,83089.0,99706.8
lombard-staked-btc,lbtc,Lombard Staked BTC,https://coin-images.coingecko.com/coins/images/39969/large/LBTC_Logo.png?1724959872,83218.0,9913367492.0,14,9913367492,3640541,83890.0,80728.0,245.89,0.29635,6172355277.0,164.99158,119111.69354982,119111.69354982,,114576.0,-27.4654,2025-02-04T01:47:44.052Z,52119.0,59.45515,2024-09-06T21:01:52.094Z,,2025-03-12T21:20:18.897Z,83218.0,99861.59999999999
leo-token,leo,LEO Token,https://coin-images.coingecko.com/coins/images/8418/large/leo-token.png?1696508607,9.72,8982667162.0,15,9578514480,3914047,9.93,9.61,-0.1738263708969,-1.75643,-159049763.4983158,-1.73982,923951052.9,985239504.0,,10.14,-4.1416,2025-03-10T09:26:43.294Z,0.799859,1114.63303,2019-12-24T15:14:35.376Z,,2025-03-12T21:20:20.121Z,9.72,11.664
chainlink,link,Chainlink,https://coin-images.coingecko.com/coins/images/877/large/chainlink-new-logo.png?1696502009,13.47,8593052652.0,16,13466624432,717103025,13.74,12.67,0.04156821,0.30955000000000005,35570255.0,0.41566000000000003,638099970.4505637,1000000000.0,1000000000.0,52.7,-74.55293,2021-05-10T00:13:57.214Z,0.14818299999999998,8949.43514,2017-11-29T00:00:00.000Z,,2025-03-12T21:20:25.511Z,13.47,16.164
hedera-hashgraph,hbar,Hedera,https://coin-images.coingecko.com/coins/images/3688/large/hbar.png?1696504364,0.19922,8408328700.0,17,9958326053,570160751,0.213726,0.19436799999999999,-0.00027741438841700003,-0.13906000000000002,-4601808.393877983,-0.054700000000000006,42217580818.57688,50000000000.0,50000000000.0,0.569229,-65.10905,2021-09-15T10:40:28.318Z,0.009861110000000001,1914.06733,2020-01-02T17:30:24.852Z,,2025-03-12T21:20:18.637Z,0.19922,0.239064
usds,usds,USDS,https://coin-images.coingecko.com/coins/images/39926/large/usds.webp?1726666683,0.999474,8115377103.0,18,8115377103,30129558,1.002,0.998257,-0.00021316594246100003,-0.021320000000000002,-85182263.44903183,-1.03874,8120368369.967584,8120368369.967584,,1.057,-5.44102,2024-10-29T05:40:51.197Z,0.9482649999999999,5.43392,2024-10-03T13:19:28.826Z,,2025-03-12T21:20:26.339Z,0.999474,1.1993688
stellar,xlm,Stellar,https://coin-images.coingecko.com/coins/images/100/large/fmpFRHHQ_400x400.jpg?1735231350,0.257816,7919653313.0,19,12885314588,247538784,0.262067,0.248224,-0.00044231919730000006,-0.17127,-5309904.440472603,-0.067,30732413595.02672,50001786894.44301,50001786894.44301,0.875563,-70.55564,2018-01-03T00:00:00.000Z,0.00047612,54046.45934,2015-03-05T00:00:00.000Z,,2025-03-12T21:20:24.661Z,0.257816,0.30937919999999997
wrapped-steth,wsteth,Wrapped stETH,https://coin-images.coingecko.com/coins/images/18834/large/wstETH.png?1696518295,2270.66,7879066617.0,20,7879066617,43632155,2327.87,2197.21,-52.29015273497771,-2.25103,-208966274.87882042,-2.58365,3492053.33146123,3492053.33146123,,7256.02,-68.87364,2022-05-13T15:09:54.509Z,558.54,304.36405,2022-05-13T01:36:45.053Z,,2025-03-12T21:20:17.456Z,2270.66,2724.792
avalanche-2,avax,Avalanche,https://coin-images.coingecko.com/coins/images/12559/large/Avalanche_Circle_RedWhite_Trans.png?1696512369,18.61,7710369928.0,21,8392764547,422366061,18.76,16.97,0.8164889999999999,4.58954,351893640.0,4.78215,414325786.231986,450995062.7975677,720000000.0,144.96,-87.14561,2021-11-21T14:18:56.538Z,2.8,565.24287,2020-12-31T13:15:21.540Z,,2025-03-12T21:20:22.190Z,18.61,22.331999999999997
shiba-inu,shib,Shiba Inu,https://coin-images.coingecko.com/coins/images/11939/large/shiba.png?1696511800,1.236e-05,7278328885.0,22,7281459483,244627105,1.2560000000000002e-05,1.178e-05,1.72878e-07,1.41842,98500569.0,1.37191,589253494766181.5,589506948025511.1,,8.616e-05,-85.68816,2021-10-28T03:54:55.568Z,5.636599999999999e-11,21876243.442,2020-11-28T11:26:25.838Z,,2025-03-12T21:20:26.486Z,1.236e-05,1.4832e-05
sui,sui,Sui,https://coin-images.coingecko.com/coins/images/26375/large/sui-ocean-square.png?1727791290,2.25,7130739502.0,23,22495545980,883570462,2.36,2.18,-0.032871760457355,-1.43767,-110361153.140234,-1.5240900000000002,3169845047.483887,10000000000.0,10000000000.0,5.35,-58.18463,2025-01-04T22:56:18.063Z,0.364846,512.77496,2023-10-19T10:40:30.078Z,,2025-03-12T21:20:24.631Z,2.25,2.6999999999999997
bitcoin-cash,bch,Bitcoin Cash,https://coin-images.coingecko.com/coins/images/780/large/bitcoin-cash-circle.png?1696501932,357.62,7093624885.0,24,7093624885,298012676,357.66,331.84,13.13,3.80998,263516769.0,3.85816,19841340.52165078,19841340.52165078,21000000.0,3785.82,-90.57687,2017-12-20T00:00:00.000Z,76.93,363.69481,2018-12-16T00:00:00.000Z,,2025-03-12T21:20:24.742Z,357.62,429.144
litecoin,ltc,Litecoin,https://coin-images.coingecko.com/coins/images/2/large/litecoin.png?1696501400,91.57,6924227422.0,25,6924355033,573190248,92.3,87.72,-0.596787273220968,-0.64748,-34081652.71093655,-0.4898,75625345.73347135,75626739.48347135,84000000.0,410.26,-77.66408,2021-05-10T03:13:07.904Z,1.15,7876.31533,2015-01-14T00:00:00.000Z,,2025-03-12T21:20:19.314Z,91.57,109.88399999999999
the-open-network,ton,Toncoin,https://coin-images.coingecko.com/coins/images/17980/large/photo_2024-09-10_17.09.00.jpeg?1725963446,2.73,6770196418.0,26,13983262957,122937560,2.74,2.59,0.04465442,1.66316,122088562.0,1.83644,2481078554.67549,5124456028.751981,,8.25,-66.98332,2024-06-15T00:36:51.509Z,0.5193639999999999,424.69333,2021-09-21T00:33:11.092Z,,2025-03-12T21:20:16.143Z,2.73,3.276
polkadot,dot,Polkadot,https://coin-images.coingecko.com/coins/images/12171/large/polkadot.png?1696512008,3.99,6067632347.0,27,6067632347,213534155,4.1,3.87,-0.109767891251209,-2.6798,-161926280.4400444,-2.59932,1522267060.0,1522267060.0,,54.98,-92.77861,2021-11-04T14:10:09.301Z,2.7,47.19008,2020-08-20T05:48:11.359Z,,2025-03-12T21:20:21.906Z,3.99,4.788
ethena-usde,usde,Ethena USDe,https://coin-images.coingecko.com/coins/images/33613/large/usde.png?1733810059,0.998906,5452008547.0,28,5452008547,69868498,1.001,0.9985,0.00013858,0.01387,4040902.0,0.07417,5454904803.919753,5454904803.919753,,1.032,-3.1281,2023-12-20T15:38:34.596Z,0.9294859999999999,7.56456,2024-10-04T07:57:15.809Z,,2025-03-12T21:20:26.782Z,0.998906,1.1986872
weth,weth,WETH,https://coin-images.coingecko.com/coins/images/2518/large/weth.png?1696503332,1900.76,5352497102.0,29,5352497102,325800104,1949.32,1840.05,-43.69166295658238,-2.247,-82235765.17236519,-1.51315,2814699.416946814,2814699.416946814,,4799.89,-60.40846,2021-11-09T00:00:00.000Z,82.1,2214.58317,2018-12-15T00:00:00.000Z,,2025-03-12T21:20:17.358Z,1900.76,2280.912
binance-bridged-usdt-bnb-smart-chain,bsc-usd,Binance Bridged USDT (BNB Smart Chain),https://coin-images.coingecko.com/coins/images/35021/large/USDT.png?1707233575,0.999199,5188401473.0,30,5188401473,337797754,1.004,0.986014,-0.0013556651583430002,-0.13549,8514970.0,0.16439,5184994501.618546,5184994501.618546,,1.05,-4.81609,2024-08-05T14:21:42.527Z,0.942186,6.07184,2024-12-05T22:30:39.827Z,,2025-03-12T21:20:23.560Z,0.999199,1.1990387999999998
bitget-token,bgb,Bitget Token,https://coin-images.coingecko.com/coins/images/11610/large/Bitget_logo.png?1736925727,4.2,5042263189.0,31,5042263189,215211026,4.24,4.11,0.0064814600000000005,0.15449000000000002,15082554.0,0.30002,1199999994.2,1199999994.2,2000000000.0,8.45,-50.34162,2024-12-27T11:41:24.992Z,0.014279499999999999,29286.83931,2020-06-25T04:17:05.895Z,,2025-03-12T21:20:23.309Z,4.2,5.04
hyperliquid,hype,Hyperliquid,https://coin-images.coingecko.com/coins/images/50882/large/hyperliquid.jpg?1729431300,13.04,4353109833.0,32,13035940854,54516387,14.14,12.71,-1.026700544152268,-7.29976,-360278314.5250225,-7.64372,333928180.0,999990391.0,1000000000.0,34.96,-62.76433,2024-12-22T03:56:00.276Z,3.81,241.77534,2024-11-29T09:30:30.871Z,,2025-03-12T21:20:18.075Z,13.04,15.647999999999998
whitebit,wbt,WhiteBIT Coin,https://coin-images.coingecko.com/coins/images/27045/large/wbt_token.png?1696526096,28.77,4146244441.0,33,9471832259,69737552,29.32,28.64,-0.42528734813155805,-1.45667,-63665499.694820404,-1.51228,144118517.10815412,329229605.0,400000000.0,31.28,-8.03399,2025-03-02T22:22:36.852Z,3.06,839.44014,2023-02-13T19:01:21.899Z,,2025-03-12T21:20:27.059Z,28.77,34.524
wrapped-eeth,weeth,Wrapped eETH,https://coin-images.coingecko.com/coins/images/33033/large/weETH.png?1701438396,2018.75,3866125929.0,34,3866125929,22447572,2067.79,1956.78,-44.64533467800152,-2.16369,-127471027.86042166,-3.19189,1916028.722452772,1916028.722452772,,4311.81,-53.30853,2024-12-06T20:32:25.758Z,1889.13,6.57005,2025-03-11T00:55:51.837Z,,2025-03-12T21:20:17.296Z,2018.75,2422.5
monero,xmr,Monero,https://coin-images.coingecko.com/coins/images/69/large/monero_logo.png?1696501460,208.93,3853612373.0,35,3853612373,54178207,213.2,204.89,-3.294217609644278,-1.5522200000000002,-59354683.23487091,-1.51687,18446744.07370955,18446744.07370955,,542.33,-61.47489,2018-01-09T00:00:00.000Z,0.21617699999999998,96548.51067,2015-01-14T00:00:00.000Z,,2025-03-12T21:20:19.699Z,208.93,250.716
uniswap,uni,Uniswap,https://coin-images.coingecko.com/coins/images/12504/large/uniswap-logo.png?1720676669,5.87,3521609233.0,36,5864626976,216624394,6.21,5.77,-0.30609874821758704,-4.95947,-184695906.6178708,-4.98329,600483073.71,1000000000.0,1000000000.0,44.92,-86.96979,2021-05-03T05:25:04.822Z,1.03,468.15026,2020-09-17T01:20:38.214Z,,2025-03-12T21:20:27.301Z,5.87,7.044
susds,susds,sUSDS,https://coin-images.coingecko.com/coins/images/52721/large/sUSDS_Coin.png?1734086971,1.043,3457015675.0,37,3457015675,1883031,1.044,1.041,-0.000336195392858,-0.03223,54734356.0,1.6087500000000001,3316257641.722088,3316257641.722088,,1.088,-4.17682,2025-02-03T02:31:35.208Z,0.9617159999999999,8.39729,2025-01-04T01:21:08.460Z,,2025-03-12T21:20:24.188Z,1.043,1.2515999999999998
dai,dai,Dai,https://coin-images.coingecko.com/coins/images/9956/large/Badge_Dai.png?1696509996,0.9995839999999999,3205185419.0,38,3205185419,89446470,1.001,0.9990600000000001,0.00033115,0.03314,-13385351.90693283,-0.41588,3205896239.897585,3205896239.897585,,1.22,-17.97695,2020-03-13T03:02:50.373Z,0.8819600000000001,13.36162,2023-03-11T07:50:50.514Z,,2025-03-12T21:20:26.730Z,0.9995839999999999,1.1995007999999998
aptos,apt,Aptos,https://coin-images.coingecko.com/coins/images/26455/large/aptos_round.png?1696525528,5.19,3066249534.0,39,5938618284,214078886,5.53,5.04,-0.332636365978412,-6.02099,-193502822.68902445,-5.93612,590670189.0089546,1143991950.319412,,19.92,-74.02888,2023-01-26T14:25:17.390Z,3.08,67.98359,2022-12-29T21:35:14.796Z,,2025-03-12T21:20:22.274Z,5.19,6.228000000000001
near,near,NEAR Protocol,https://coin-images.coingecko.com/coins/images/10365/large/near.jpg?1696510367,2.55,3035094845.0,40,3160805058,237127497,2.55,2.35,0.03357033,1.33254,38746853.0,1.29314,1190307900.0,1239609114.0,,20.44,-87.53074,2022-01-16T22:09:45.873Z,0.526762,383.80099,2020-11-04T16:09:15.137Z,,2025-03-12T21:20:20.124Z,2.55,3.0599999999999996
pepe,pepe,Pepe,https://coin-images.coingecko.com/coins/images/29850/large/pepe-token.jpeg?1696528776,6.799999999999999e-06,2862544257.0,41,2862544257,939349089,6.78e-06,6.1599999999999995e-06,3.2238999999999996e-07,4.97464,137546969.0,5.0476,420690000000000.0,420690000000000.0,420690000000000.0,2.803e-05,-76.07468,2024-12-09T16:30:35.828Z,5.5142e-08,12060.939,2023-04-18T02:14:41.591Z,,2025-03-12T21:20:21.354Z,6.799999999999999e-06,8.159999999999998e-06
ethereum-classic,etc,Ethereum Classic,https://coin-images.coingecko.com/coins/images/453/large/ethereum-classic-logo.png?1696501717,18.29,2763114830.0,42,2763114830,76633921,18.31,17.25,0.260795,1.44636,41733731.0,1.53355,151091166.5194495,151091166.5194495,210700000.0,167.09,-89.05237,2021-05-06T18:34:22.133Z,0.615038,2874.10752,2016-07-25T00:00:00.000Z,"{'times': 39.64864757769187, 'currency': 'usd', 'percentage': 3964.864757769187}",2025-03-12T21:20:16.987Z,18.29,21.947999999999997
ondo-finance,ondo,Ondo,https://coin-images.coingecko.com/coins/images/26580/large/ONDO.png?1696525656,0.8699629999999999,2747941331.0,43,8698473557,233152344,0.8920889999999999,0.8167500000000001,0.02151765,2.53613,68955521.0,2.57394,3159107529.0,10000000000.0,10000000000.0,2.14,-59.65614,2024-12-16T00:36:00.777Z,0.082171,950.76209,2024-01-18T12:14:30.524Z,,2025-03-12T21:20:20.594Z,0.8699629999999999,1.0439555999999999
internet-computer,icp,Internet Computer,https://coin-images.coingecko.com/coins/images/14495/large/Internet_Computer_logo.png?1696514180,5.49,2644157042.0,44,2912606366,78759287,5.5600000000000005,5.27,0.01344675,0.2454,11501734.0,0.43689000000000006,481413498.8645385,530289237.3538127,,700.65,-99.21876,2021-05-10T16:05:53.653Z,2.87,91.0536,2023-09-22T00:29:57.369Z,,2025-03-12T21:20:19.151Z,5.49,6.588
aave,aave,Aave,https://coin-images.coingecko.com/coins/images/12645/large/aave-token-round.png?1720472354,173.94,2623198350.0,45,2781697562,514116080,183.77,164.76,-9.559296638097237,-5.20951,-144084694.44575453,-5.20672,15088331.01436607,16000000.0,16000000.0,661.69,-73.84986,2021-05-18T21:19:59.514Z,26.02,564.91903,2020-11-05T09:20:11.928Z,,2025-03-12T21:20:21.945Z,173.94,208.72799999999998
coinbase-wrapped-btc,cbbtc,Coinbase Wrapped BTC,https://coin-images.coingecko.com/coins/images/40143/large/cbbtc.webp?1726136727,83215.0,2514836285.0,46,2514836285,333297168,84042.0,80769.0,160.91,0.19374000000000002,69032180.0,2.82247,30200.52949151,30200.52949151,,108953.0,-23.72701,2025-01-20T09:20:53.854Z,57439.0,44.67858,2024-09-12T14:07:41.775Z,,2025-03-12T21:20:24.624Z,83215.0,99858.0
mantle,mnt,Mantle,https://coin-images.coingecko.com/coins/images/30980/large/Mantle-Logo-mark.png?1739213200,0.746733,2514786029.0,47,4648342229,95467348,0.760682,0.7077089999999999,0.02956416,4.12234,104140788.0,4.32004,3364694382.83684,6219316794.99,6219316794.99,1.54,-51.5123,2024-04-08T09:45:25.482Z,0.307978,142.25361,2023-10-18T02:50:46.942Z,,2025-03-12T21:20:19.100Z,0.746733,0.8960796
okb,okb,OKB,https://coin-images.coingecko.com/coins/images/4463/large/WeChat_Image_20220118095654.png?1696505053,41.4,2486500676.0,48,9778482402,9240591,41.67,40.57,-0.12998336354279802,-0.31296,-3390349.0563459396,-0.13616,60000000.0,235957685.3,300000000.0,73.8,-43.86869,2024-03-14T00:30:12.502Z,0.580608,7035.06939,2019-01-14T00:00:00.000Z,,2025-03-12T21:20:20.540Z,41.4,49.68
gatechain-token,gt,Gate,https://coin-images.coingecko.com/coins/images/8183/large/200X200.png?1735246724,20.12,2470803423.0,49,6030733725,26548377,20.39,19.43,0.315849,1.5951,37288845.0,1.5323,122910587.76765741,300000000.0,,25.94,-22.38007,2025-01-25T03:07:37.823Z,0.25754000000000005,7717.87086,2020-03-13T02:18:02.481Z,,2025-03-12T21:20:27.536Z,20.12,24.144000000000002
crypto-com-chain,cro,Cronos,https://coin-images.coingecko.com/coins/images/7310/large/cro_token_logo.png?1696507599,0.082526,2258017676.0,50,2474633759,30064682,0.082507,0.077758,0.00109608,1.34603,30025289.0,1.34764,27373961926.8586,30000000000.0,,0.9654069999999999,-91.48232,2021-11-24T15:53:54.855Z,0.0121196,578.49023,2019-02-08T00:00:00.000Z,,2025-03-12T21:20:25.556Z,0.082526,0.0990312
bittensor,tao,Bittensor,https://coin-images.coingecko.com/coins/images/28452/large/ARUsPeNQ_400x400.jpeg?1696527447,262.07,2220536742.0,51,5510296053,172928419,270.44,248.67,-7.249053577620032,-2.69159,-52638516.46105671,-2.31564,8462571.0,21000000.0,21000000.0,757.6,-65.65501,2024-03-07T18:45:36.466Z,30.83,743.98188,2023-05-14T08:57:53.732Z,,2025-03-12T21:20:23.266Z,262.07,314.484
tokenize-xchange,tkx,Tokenize Xchange,https://coin-images.coingecko.com/coins/images/4984/large/TKX_-_Logo_-_RGB-15.png?1696505519,26.95,2159617507.0,52,2699656899,13205337,27.17,26.73,-0.141521161075431,-0.52231,-10545059.809103966,-0.48591000000000006,79995999.05112354,100000000.0,100000000.0,50.43,-46.46474,2025-01-03T19:12:43.038Z,0.11125499999999999,24167.33415,2019-04-28T00:00:00.000Z,"{'times': 91.78358785779436, 'currency': 'usd', 'percentage': 9178.358785779435}",2025-03-12T21:20:25.203Z,26.95,32.339999999999996
official-trump,trump,Official Trump,https://coin-images.coingecko.com/coins/images/53746/large/trump.png?1737171561,10.56,2108810477.0,53,10544053584,639575093,10.71,10.08,-0.09108358140021801,-0.85484,-20131599.7735312,-0.9456200000000001,199999977.236,1000000000.0,1000000000.0,73.43,-85.68208,2025-01-19T11:50:34.806Z,4.29,145.03693,2025-01-18T03:40:29.231Z,,2025-03-12T21:20:21.025Z,10.56,12.672
vechain,vet,VeChain,https://coin-images.coingecko.com/coins/images/1167/large/VET_Token_Icon.png?1710013505,0.02434282,2091011994.0,54,2091011994,67384512,0.02501486,0.02305578,8.251000000000001e-05,0.34011,7350236.0,0.35276,85985041177.0,85985041177.0,86712634466.0,0.280991,-91.37034,2021-04-19T01:08:21.675Z,0.00191713,1164.83547,2020-03-13T02:29:59.652Z,"{'times': 3.478729660586552, 'currency': 'eth', 'percentage': 347.8729660586552}",2025-03-12T21:20:16.347Z,0.02434282,0.029211384
first-digital-usd,fdusd,First Digital USD,https://coin-images.coingecko.com/coins/images/31079/large/FDUSD_icon_black.png?1731097953,0.997456,2074676227.0,55,2074676227,6158808503,1.004,0.9939819999999999,-0.000905999513515,-0.09075000000000001,-9654029.283933163,-0.46317,2077717049.930472,2077717049.930472,,1.15,-13.27168,2025-02-03T02:30:49.959Z,0.9403769999999999,6.18414,2024-12-05T22:30:51.394Z,,2025-03-12T21:20:16.850Z,0.997456,1.1969471999999999
celestia,tia,Celestia,https://coin-images.coingecko.com/coins/images/31967/large/tia.jpg?1696530772,3.71,1985977823.0,56,4082975266,227106542,3.73,3.16,0.5117189999999999,16.00535,275866432.0,16.13149,537233712.821426,1104499726.027065,,20.85,-82.2752,2024-02-10T14:30:02.495Z,2.08,77.383,2023-10-31T15:14:31.951Z,,2025-03-12T21:20:23.996Z,3.71,4.452
ethena,ena,Ethena,https://coin-images.coingecko.com/coins/images/36530/large/ethena.png?1711701436,0.372558,1966929110.0,57,5581590145,277647082,0.39931099999999997,0.35755899999999996,-0.026063789903255002,-6.53847,-141912044.12897182,-6.72939,5285937500.0,15000000000.0,,1.52,-75.58117,2024-04-11T13:15:15.057Z,0.195078,89.97793,2024-09-06T21:04:48.253Z,,2025-03-12T21:20:26.505Z,0.372558,0.4470696
polygon-ecosystem-token,pol,POL (ex-MATIC),https://coin-images.coingecko.com/coins/images/32440/large/polygon.png?1698233684,0.21578599999999998,1850469045.0,58,2235103162,79745133,0.22356399999999998,0.209194,-0.001644141301066,-0.75617,-16632153.661279678,-0.8908,8590436131.195889,10376023854.8978,,1.29,-83.30222,2024-03-13T18:55:06.692Z,0.19408299999999998,10.77407,2025-03-11T01:10:51.470Z,,2025-03-12T21:20:21.264Z,0.21578599999999998,0.2589432
kaspa,kas,Kaspa,https://coin-images.coingecko.com/coins/images/25751/large/kaspa-icon-exchanges.png?1696524837,0.070196,1812654941.0,59,1814136751,96374453,0.071961,0.06613000000000001,-0.001002207116614,-1.4076300000000002,-24289497.9546113,-1.3222800000000001,25826487850.01926,25847600496.84979,28704026601.0,0.20741099999999998,-66.19732,2024-08-01T00:40:47.164Z,0.00017105,40888.39446,2022-05-26T14:42:59.316Z,,2025-03-12T21:20:18.500Z,0.070196,0.0842352
filecoin,fil,Filecoin,https://coin-images.coingecko.com/coins/images/12817/large/filecoin.png?1696512609,2.79,1797852580.0,60,5476236624,141515216,2.85,2.68,0.00143165,0.051250000000000004,4110841.0,0.22918000000000002,643341252.0,1959609461.0,1959609461.0,236.84,-98.82304,2021-04-01T13:29:41.564Z,2.48,12.51943,2025-03-11T01:10:57.279Z,,2025-03-12T21:20:17.781Z,2.79,3.348
cosmos,atom,Cosmos Hub,https://coin-images.coingecko.com/coins/images/1481/large/cosmos_hub.png?1696502525,3.92,1724885102.0,61,1724885102,125451709,3.9699999999999998,3.76,-0.046269955881586,-1.16647,-20088559.265472412,-1.15122,440038205.255624,440038205.255624,,44.45,-91.17929,2022-01-17T00:34:41.497Z,1.16,237.96843,2020-03-13T02:27:44.591Z,"{'times': 38.20402828529106, 'currency': 'usd', 'percentage': 3820.402828529106}",2025-03-12T21:20:16.915Z,3.92,4.704
fasttoken,ftn,Fasttoken,https://coin-images.coingecko.com/coins/images/28478/large/lightenicon_200x200.png?1696527472,3.99,1713423207.0,62,3473482083,50457348,4.03,3.96,-0.003914796108528001,-0.09804,-1634435.4227278233,-0.09530000000000001,429525837.0,870742437.0,1000000000.0,4.07,-2.0943,2025-03-04T14:41:31.962Z,0.398142,901.67472,2023-01-21T10:15:39.503Z,,2025-03-12T21:20:27.122Z,3.99,4.788
algorand,algo,Algorand,https://coin-images.coingecko.com/coins/images/4380/large/download.png?1696504978,0.195245,1654051297.0,63,1654087933,91434804,0.200545,0.186695,-0.001496924187519,-0.7608600000000001,-14474250.335863113,-0.8674900000000001,8485256162.495728,8485444105.447806,10000000000.0,3.56,-94.52363,2019-06-20T14:51:19.480Z,0.087513,122.84803,2023-09-11T19:42:08.247Z,"{'times': -0.9186481109636551, 'currency': 'usd', 'percentage': -91.86481109636551}",2025-03-12T21:20:21.927Z,0.195245,0.234294
render-token,render,Render,https://coin-images.coingecko.com/coins/images/11636/large/rndr.png?1696511529,3.03,1570450688.0,64,1615224459,228051367,3.16,2.86,0.03874542,1.29368,19292523.0,1.24375,517716590.0562826,532476763.3362826,,13.53,-77.64781,2024-03-17T16:30:24.636Z,0.03665669,8153.06583,2020-06-16T13:22:25.900Z,,2025-03-12T21:20:21.769Z,3.03,3.6359999999999997
arbitrum,arb,Arbitrum,https://coin-images.coingecko.com/coins/images/16547/large/arb.jpg?1721358242,0.349408,1544738561.0,65,3495427213,212384885,0.352232,0.32706399999999997,0.00415734,1.20415,20551225.0,1.34834,4419312625.0,10000000000.0,10000000000.0,2.39,-85.42512,2024-01-12T12:29:59.231Z,0.30197199999999996,15.36869,2025-03-11T01:11:04.162Z,,2025-03-12T21:20:24.678Z,0.349408,0.4192896
story-2,ip,Story,https://coin-images.coingecko.com/coins/images/54035/large/Transparent_bg.png?1738075331,6.11,1535045811.0,66,6130669083,195133310,6.59,5.35,0.641751,11.74255,166299578.0,12.14977,250517149.37,1000515900.61,,7.31,-16.06915,2025-02-26T16:11:25.410Z,1.0,513.65059,2025-02-14T03:11:08.309Z,,2025-03-12T21:20:23.915Z,6.11,7.332
arbitrum-bridged-usdt-arbitrum,usdt,Arbitrum Bridged USDT (Arbitrum),https://coin-images.coingecko.com/coins/images/35073/large/logo.png?1707292836,0.998605,1454500977.0,67,1454500977,110230057,1.006,0.9919549999999999,-0.001339213712653,-0.13393000000000002,17826855.0,1.24084,1453815509.849962,1453815509.849962,,1.16,-13.7483,2025-02-03T02:27:35.484Z,0.938168,6.58704,2024-08-05T01:11:45.298Z,,2025-03-12T21:20:23.679Z,0.998605,1.198326
sonic-3,s,Sonic (prev. FTM),https://coin-images.coingecko.com/coins/images/38108/large/200x200_Sonic_Logo.png?1734679256,0.44401,1409582393.0,68,1409582393,133365040,0.45569699999999996,0.41162699999999997,0.00505882,1.15248,17806241.0,1.27939,3175000000.0,3175000000.0,,1.029,-56.96171,2025-01-04T21:35:44.705Z,0.359647,23.19499,2025-02-03T02:11:37.229Z,,2025-03-12T21:20:23.060Z,0.44401,0.532812
optimism,op,Optimism,https://coin-images.coingecko.com/coins/images/25244/large/Optimism.png?1696524385,0.867837,1406558720.0,69,3727464620,153828125,0.874589,0.811603,-0.006372813199658001,-0.7289800000000001,-9502850.83012247,-0.67108,1620705846.0,4294967296.0,4294967296.0,4.84,-82.18663,2024-03-06T08:35:50.817Z,0.402159,114.57547,2022-06-18T20:54:52.178Z,,2025-03-12T21:20:21.033Z,0.867837,1.0414044
jupiter-exchange-solana,jup,Jupiter,https://coin-images.coingecko.com/coins/images/34188/large/jup.png?1704266489,0.511327,1371010790.0,70,3566467096,89740093,0.53457,0.500591,-0.007377800470829,-1.42235,-22291692.086156845,-1.59992,2690911111.1,6999978412.092116,10000000000.0,2.0,-74.66898,2024-01-31T15:02:47.304Z,0.45441299999999996,11.4897,2025-03-11T01:10:59.343Z,,2025-03-12T21:20:18.997Z,0.511327,0.6135923999999999
kucoin-shares,kcs,KuCoin,https://coin-images.coingecko.com/coins/images/1047/large/sa9z79.png?1696502152,11.05,1353732804.0,71,1574639043,95635,11.15,10.84,-0.005245833338957001,-0.047470000000000005,1282571.0,0.09483000000000001,122561753.8513356,142561753.8513356,,28.83,-61.73152,2021-12-01T15:09:35.541Z,0.342863,3117.83257,2019-02-07T00:00:00.000Z,,2025-03-12T21:20:18.456Z,11.05,13.26
solv-btc,solvbtc,Solv Protocol SolvBTC,https://coin-images.coingecko.com/coins/images/36800/large/solvBTC.png?1719810684,83144.0,1305704973.0,72,1305708514,3669587,83657.0,80742.0,422.81,0.5111300000000001,3316154.0,0.25462,15688.24398781356,15688.28653257724,21000000.0,108929.0,-23.68715,2025-01-20T07:17:19.296Z,49058.0,69.44715,2024-08-05T06:28:45.311Z,,2025-03-12T21:20:22.942Z,83144.0,99772.8
fetch-ai,fet,Artificial Superintelligence Alliance,https://coin-images.coingecko.com/coins/images/5681/large/ASI.png?1719827289,0.501871,1305318035.0,73,1360204774,201419049,0.514351,0.46182399999999996,0.01512839,3.10809,37422615.0,2.95155,2604959126.672,2714493896.672,2714493896.672,3.45,-85.52341,2024-03-28T17:21:18.050Z,0.008169590000000001,6020.78304,2020-03-13T02:24:18.347Z,"{'times': 4.788596411507175, 'currency': 'usd', 'percentage': 478.85964115071755}",2025-03-12T21:20:21.215Z,0.501871,0.6022451999999999
binance-peg-weth,weth,Binance-Peg WETH,https://coin-images.coingecko.com/coins/images/39580/large/weth.png?1723006716,1902.2,1150827297.0,74,1150827297,45258203,1947.38,1827.65,-43.85363406890065,-2.25346,-26207806.745236397,-2.2266,604999.999959841,604999.999959841,,4098.26,-53.64981,2024-12-06T20:27:27.286Z,1790.63,6.08291,2025-03-11T01:17:39.749Z,,2025-03-12T21:20:24.794Z,1902.2,2282.64
movement,move,Movement,https://coin-images.coingecko.com/coins/images/39345/large/movement-testnet-token.png?1721878759,0.467956,1123605595.0,75,4681689980,91751711,0.502859,0.460213,-0.033551714889017,-6.6901600000000006,-79978012.72202301,-6.64499,2400000000.0,10000000000.0,10000000000.0,1.45,-67.84913,2024-12-10T04:05:51.093Z,0.378282,23.22619,2025-03-04T16:40:46.804Z,,2025-03-12T21:20:19.386Z,0.467956,0.5615471999999999
quant-network,qnt,Quant,https://coin-images.coingecko.com/coins/images/3370/large/5ZOu7brX_400x400.jpg?1696504070,75.42,1096161328.0,76,1101310212,35626587,77.61,73.39,-1.457785313017765,-1.8963200000000002,-18532921.59877491,-1.6626,14544176.164091088,14612493.0,14612493.0,427.42,-82.4062,2021-09-11T09:15:00.668Z,0.215773,34751.30528,2018-08-23T00:00:00.000Z,"{'times': 16.04713233037362, 'currency': 'eth', 'percentage': 1604.713233037362}",2025-03-12T21:20:21.670Z,75.42,90.504
kelp-dao-restaked-eth,rseth,Kelp DAO Restaked ETH,https://coin-images.coingecko.com/coins/images/33800/large/Icon___Dark.png?1702991855,1971.34,1078518836.0,77,1078518836,3084153,2020.02,1911.1,-44.034928888458126,-2.18495,-21232070.97746086,-1.93063,546730.2932315724,546730.2932315724,,4216.2,-53.39013,2024-12-06T20:31:16.142Z,1862.59,5.50698,2025-03-11T01:10:28.160Z,,2025-03-12T21:20:18.439Z,1971.34,2365.6079999999997
nexo,nexo,NEXO,https://coin-images.coingecko.com/coins/images/3695/large/CG-nexo-token-200x200_2x.png?1730414360,1.07,1070679238.0,78,1070679238,10423380,1.071,1.004,0.035196160000000004,3.39983,36426063.0,3.52197,1000000000.0,1000000000.0,1000000000.0,4.07,-73.83667,2021-05-12T14:37:47.535Z,0.04515276,2257.14631,2018-09-13T00:00:00.000Z,"{'times': 9.7043033590934, 'currency': 'usd', 'percentage': 970.43033590934}",2025-03-12T21:20:20.185Z,1.07,1.284
xdce-crowd-sale,xdc,XDC Network,https://coin-images.coingecko.com/coins/images/2912/large/xdc-icon.png?1696503661,0.067087,1052807204.0,79,2547623292,34890713,0.07033099999999999,0.06543199999999999,-0.0025690872211920003,-3.68824,-39457269.50483322,-3.61243,15694413537.0,37977944421.6,,0.19275399999999998,-65.18688,2021-08-21T04:39:48.324Z,0.00039532,16874.61777,2019-07-22T00:00:00.000Z,"{'times': 3.68961638982532, 'currency': 'eth', 'percentage': 368.96163898253207}",2025-03-12T21:20:18.753Z,0.067087,0.08050439999999999
mantra-dao,om,MANTRA,https://coin-images.coingecko.com/coins/images/12151/large/OM_Token.png?1696511991,6.57,997202828.0,80,11501880197,87196887,6.57,6.26,0.206707,3.24695,-5109151775.6435,-83.66942,157057306.7600001,1811550078.19,,8.99,-26.94508,2025-02-23T01:52:21.073Z,0.01726188,37927.44552,2023-10-12T17:25:09.068Z,,2025-03-12T21:20:19.826Z,6.57,7.884
dexe,dexe,DeXe,https://coin-images.coingecko.com/coins/images/12713/large/DEXE_token_logo.png?1696512514,17.34,990333120.0,81,1673649450,9958757,17.67,17.28,-0.23130180949443901,-1.316,-12267536.167542577,-1.22357,57103774.56313077,96504599.33609451,,32.38,-46.44175,2021-03-08T13:29:57.935Z,0.671563,2482.43304,2020-11-06T19:31:40.144Z,,2025-03-12T21:20:25.847Z,17.34,20.808
usual-usd,usd0,Usual USD,https://coin-images.coingecko.com/coins/images/38272/large/USD0LOGO.png?1716962811,0.9977119999999999,978353459.0,82,978353459,12586206,0.9980819999999999,0.9974449999999999,0.00014655,0.014690000000000002,-2131587.311739087,-0.2174,980560379.832311,980560379.832311,,1.33,-24.74427,2024-07-12T08:28:59.311Z,0.9764149999999999,2.17636,2025-01-20T17:07:15.786Z,,2025-03-12T21:20:26.082Z,0.9977119999999999,1.1972543999999998
maker,mkr,Maker,https://coin-images.coingecko.com/coins/images/1364/large/Mark_Maker.png?1696502423,1137.98,969604686.0,83,999469160,104901826,1156.26,1049.52,-16.81114568848602,-1.45577,-13637187.318121195,-1.38696,852091.889833023,878336.8909203953,1005577.0,6292.31,-81.99338,2021-05-03T21:54:29.333Z,168.36,572.99208,2020-03-16T20:52:36.527Z,,2025-03-12T21:20:24.170Z,1137.98,1365.576
blockstack,stx,Stacks,https://coin-images.coingecko.com/coins/images/2069/large/Stacks_Logo_png.png?1709979332,0.63356,960769262.0,84,960769262,34265474,0.6512789999999999,0.592436,0.01020753,1.63752,16475467.0,1.7447400000000002,1516656175.46348,1516656175.46348,1818000000.0,3.86,-83.62783,2024-04-01T12:34:58.342Z,0.04559639,1287.55108,2020-03-13T02:29:26.415Z,"{'times': 4.279667411030759, 'currency': 'usd', 'percentage': 427.96674110307583}",2025-03-12T21:20:24.356Z,0.63356,0.760272
immutable-x,imx,Immutable,https://coin-images.coingecko.com/coins/images/17233/large/immutableX-symbol-BLK-RGB.png?1696516787,0.5382549999999999,951276581.0,85,1075911490,31771897,0.5379039999999999,0.49954699999999996,0.00686285,1.29148,12638365.0,1.34646,1768317543.3898141,2000000000.0,2000000000.0,9.52,-94.36292,2021-11-26T01:03:01.536Z,0.378055,41.94936,2022-12-31T07:36:37.649Z,,2025-03-12T21:20:18.619Z,0.5382549999999999,0.6459059999999999
rocket-pool-eth,reth,Rocket Pool ETH,https://coin-images.coingecko.com/coins/images/20764/large/reth.png?1696520159,2133.4,944634851.0,86,944634851,9633387,2189.24,2065.17,-52.87848465965726,-2.41865,-21689996.53316903,-2.24459,442767.0003796684,442767.0003796684,,4814.31,-55.71644,2021-12-01T08:03:50.749Z,887.26,140.28351,2022-06-18T20:55:45.957Z,,2025-03-12T21:20:22.242Z,2133.4,2560.08
injective-protocol,inj,Injective,https://coin-images.coingecko.com/coins/images/12882/large/Other_200x200.png?1738782212,9.57,934006844.0,87,955728446,130433034,9.91,8.84,0.22011599999999998,2.35478,21368236.0,2.34137,97727220.33,100000000.0,,52.62,-81.84897,2024-03-14T15:06:22.124Z,0.657401,1352.87226,2020-11-03T16:19:30.576Z,,2025-03-12T21:20:18.142Z,9.57,11.484
flare-networks,flr,Flare,https://coin-images.coingecko.com/coins/images/28624/large/FLR-icon200x200.png?1696527609,0.01497409,912731097.0,89,1543594022,9680330,0.01566655,0.014596399999999999,-0.000517054322575,-3.33774,-33291338.984799266,-3.5190900000000003,60983663777.00542,103134449073.0268,,0.15007299999999998,-90.06719,2023-01-10T03:14:05.921Z,0.00827405,80.15916,2023-10-19T03:35:41.663Z,,2025-03-12T21:20:17.070Z,0.01497409,0.017968908
worldcoin-wld,wld,Worldcoin,https://coin-images.coingecko.com/coins/images/31069/large/worldcoin.jpeg?1696529903,0.8319679999999999,912479613.0,88,8294138920,158181216,0.837507,0.775077,0.01891622,2.3265700000000002,18774052.0,2.1007,1100149903.556309,10000000000.0,10000000000.0,11.74,-92.95887,2024-03-10T00:10:42.330Z,0.7085889999999999,16.6645,2025-03-11T01:11:28.418Z,,2025-03-12T21:20:26.982Z,0.8319679999999999,0.9983615999999998
theta-token,theta,Theta Network,https://coin-images.coingecko.com/coins/images/2538/large/theta-token-logo.png?1696503349,0.901458,901378122.0,90,901378122,26508627,0.907841,0.8348639999999999,0.02681464,3.06578,29414820.0,3.3734,1000000000.0,1000000000.0,1000000000.0,15.72,-94.274,2021-04-16T13:15:11.190Z,0.04039979,2128.00976,2020-03-13T02:24:16.483Z,"{'times': 5.00971745405901, 'currency': 'usd', 'percentage': 500.971745405901}",2025-03-12T21:20:25.209Z,0.901458,1.0817496
the-graph,grt,The Graph,https://coin-images.coingecko.com/coins/images/13397/large/Graph_Token.png?1696513159,0.092597,883979895.0,91,998727283,47867983,0.094362,0.087686,0.00022681,0.24554,3161602.0,0.35894000000000004,9548531509.16547,10788004319.0,10788004319.0,2.84,-96.75032,2021-02-12T07:28:45.775Z,0.052051,77.40277,2022-11-22T10:05:03.503Z,,2025-03-12T21:20:27.411Z,0.092597,0.11111639999999999
sei-network,sei,Sei,https://coin-images.coingecko.com/coins/images/28205/large/Sei_Logo_-_Transparent.png?1696527207,0.187237,872079453.0,92,1872419653,95207014,0.19478499999999999,0.178346,-0.007377308509800001,-3.7907200000000003,-33931826.379812,-3.74519,4657499999.0,10000000000.0,,1.1400000000000001,-83.6577,2024-03-16T02:30:23.904Z,0.09536399999999999,95.31122,2023-10-19T08:05:30.655Z,,2025-03-12T21:20:23.055Z,0.187237,0.22468439999999998
polygon-bridged-usdt-polygon,usdt,Polygon Bridged USDT (Polygon),https://coin-images.coingecko.com/coins/images/35023/large/USDT.png?1707233644,0.999655,847646004.0,93,847646004,12702009,1.003,0.996085,-0.0008184330756930001,-0.0818,1149988.0,0.13585,847898388.362233,847898388.362233,,1.027,-2.68147,2024-04-14T06:51:56.926Z,0.9459329999999999,5.6365,2024-12-05T22:30:30.789Z,,2025-03-12T21:20:20.596Z,0.999655,1.1995859999999998
binance-staked-sol,bnsol,Binance Staked SOL,https://coin-images.coingecko.com/coins/images/40132/large/bnsol.png?1725968367,131.56,845540316.0,94,845540316,3711692,135.44,126.13,-0.27823396348310303,-0.21104,-10296421.57782793,-1.20308,6466869.396350435,6466869.396350435,,297.96,-56.25564,2025-01-19T11:30:53.744Z,118.29,10.18253,2025-03-11T01:11:46.882Z,,2025-03-12T21:20:22.984Z,131.56,157.87199999999999
solv-protocol-solvbtc-bbn,solvbtc.bbn,Solv Protocol SolvBTC.BBN,https://coin-images.coingecko.com/coins/images/39384/large/unnamed.png?1721961640,82801.0,828467290.0,95,828467290,355475,83277.0,80464.0,589.75,0.7173600000000001,5647882.0,0.6864100000000001,10006.72287651819,10006.72287651819,21000000.0,117077.0,-29.2873,2025-01-20T07:15:49.114Z,11402.13,626.07503,2024-09-10T17:58:43.974Z,,2025-03-12T21:20:23.207Z,82801.0,99361.2
lido-dao,ldo,Lido DAO,https://coin-images.coingecko.com/coins/images/13573/large/Lido_DAO.png?1696513326,0.9192279999999999,824344081.0,96,918384142,128404627,0.946209,0.878439,-0.026680293843449002,-2.8205999999999998,-23374088.259614706,-2.7572900000000002,897602695.87191,1000000000.0,1000000000.0,7.3,-87.56703,2021-08-20T08:35:20.158Z,0.40615,123.55401,2022-06-18T20:55:12.035Z,,2025-03-12T21:20:19.764Z,0.9192279999999999,1.1030735999999999
bonk,bonk,Bonk,https://coin-images.coingecko.com/coins/images/28600/large/bonk.jpg?1696527587,1.0580000000000002e-05,818796877.0,97,939758848,93133050,1.0760000000000002e-05,1.009e-05,-3.3037054005e-08,-0.31142000000000003,-2173598.296262026,-0.26476,77419592329436.58,88856893446988.55,88856893446988.55,5.8250000000000006e-05,-82.00598,2024-11-20T04:01:06.465Z,8.6142e-08,12067.68903,2022-12-29T22:48:46.755Z,,2025-03-12T21:20:23.955Z,1.0580000000000002e-05,1.2696000000000002e-05
eos,eos,EOS,https://coin-images.coingecko.com/coins/images/738/large/CG_EOS_Icon.png?1731705232,0.498994,756672581.0,98,1047549150,88791222,0.504346,0.47285000000000005,0.00218109,0.43902,4116770.0,0.5470400000000001,1516885789.1746,2100000000.0,2100000000.0,22.71,-97.80117,2018-04-29T07:50:33.540Z,0.402746,23.994320000000002,2024-11-04T21:55:59.771Z,"{'times': -0.49596544078570104, 'currency': 'usd', 'percentage': -49.59654407857018}",2025-03-12T21:20:26.679Z,0.498994,0.5987928
mantle-staked-ether,meth,Mantle Staked Ether,https://coin-images.coingecko.com/coins/images/33345/large/symbol_transparent_bg.png?1701697066,2010.66,755096058.0,99,755096058,9807458,2066.86,1952.68,-46.54818597481585,-2.26269,-18301354.681117535,-2.3663600000000002,375490.7684914775,375490.7684914775,,4729.53,-57.58168,2024-03-27T05:26:27.333Z,1896.19,5.80065,2025-03-11T00:57:41.551Z,,2025-03-12T21:20:19.351Z,2010.66,2412.792
gala,gala,GALA,https://coin-images.coingecko.com/coins/images/12493/large/GALA_token_image_-_200PNG.png?1709725869,0.0166234,722126896.0,100,722126902,76449017,0.01671125,0.01536294,0.00055996,3.48595,24837980.0,3.56208,43472896897.31367,43472897261.15076,50000000000.0,0.8248369999999999,-97.98774,2021-11-26T01:03:48.731Z,0.00013475,12217.59225,2020-12-28T08:46:48.367Z,,2025-03-12T21:20:17.423Z,0.0166234,0.01994808
